train_id,train_station,line,first_station,last_station,planned_departure,actual_departure,delay_minutes,delayed
26825,Köln Hbf,RE1,Aachen Hbf,Hamm(Westf)Hbf,2025-08-08 15:49:00,2025-08-08 15:51:00,2,1
10438,Köln Hbf,RB24,Kall,Köln Messe/Deutz,2025-08-08 16:15:00,2025-08-08 16:16:00,1,1
33111,Köln Hbf,S11,Bergisch Gladbach,Düsseldorf Flughafen Terminal,2025-08-08 16:54:00,2025-08-08 17:07:00,13,1
33219,Köln Hbf,S12,Hennef(Sieg),Horrem,2025-08-08 16:50:00,2025-08-08 16:51:00,1,1
26827,Köln Hbf,RE1,Aachen Hbf,Hamm(Westf)Hbf,2025-08-08 16:49:00,2025-08-08 16:49:00,0,0
2048,Köln Hbf,IC,Bielefeld Hbf,Karlsruhe Hbf,2025-08-08 16:53:00,2025-08-08 16:55:00,2,1
33110,Köln Hbf,S11,Düsseldorf Flughafen Terminal,Bergisch Gladbach,2025-08-08 16:47:00,2025-08-08 16:49:00,2,1
17424,Köln Hbf,RE7,Krefeld Hbf,Rheine,2025-08-08 16:21:00,2025-08-08 16:49:00,28,1
2012,Köln Hbf,IC,Oberstdorf,Dortmund Hbf,2025-08-08 16:47:00,2025-08-08 17:38:00,51,1
28523,Köln Hbf,RE5,Oberhausen Hbf,Koblenz Hbf,2025-08-08 16:32:00,2025-08-08 16:49:00,17,1
201,Köln Hbf,ICE,Hamburg-Altona,Basel SBB,2025-08-08 16:55:00,2025-08-08 17:06:00,11,1
9474,Köln Hbf,EST,Aachen Hbf,Paris Nord,2025-08-08 16:30:00,2025-08-08 16:47:00,17,1
33218,Köln Hbf,S12,Horrem,Hennef(Sieg),2025-08-08 16:51:00,2025-08-08 16:52:00,1,1
30694,Köln Hbf,S6,Düsseldorf Hbf,Köln-Worringen,2025-08-08 16:44:00,2025-08-08 16:47:00,3,1
25433,Köln Hbf,RB26,Köln Messe/Deutz,Mainz Hbf,2025-08-08 16:56:00,2025-08-08 17:10:00,14,1
10040,Köln Hbf,RE22,Kall,Köln Messe/Deutz,2025-08-08 16:42:00,2025-08-08 16:50:00,8,1
28524,Köln Hbf,RE5,Koblenz Hbf,Oberhausen Hbf,2025-08-08 16:31:00,2025-08-08 16:46:00,15,1
17423,Köln Hbf,RE7,Rheine,Krefeld Hbf,2025-08-08 16:41:00,2025-08-08 16:51:00,10,1
653,Köln Hbf,ICE,Wuppertal Hbf,Berlin Ostbahnhof,2025-08-08 16:45:00,2025-08-08 16:46:00,1,1
33108,Köln Hbf,S11,Düsseldorf Flughafen Terminal,Bergisch Gladbach,2025-08-08 16:27:00,2025-08-08 16:45:00,18,1
17351,Köln Hbf,RB48,Wuppertal-Oberbarmen,Bonn-Mehlem,2025-08-08 16:37:00,2025-08-08 16:45:00,8,1
10437,Köln Hbf,RB24,Köln Messe/Deutz,Kall,2025-08-08 16:46:00,2025-08-08 16:46:00,0,0
32003,Köln Hbf,S19,Hennef(Sieg),Düren,2025-08-08 16:40:00,2025-08-08 16:44:00,4,1
32002,Köln Hbf,S19,Düren,Blankenberg(Sieg),2025-08-08 16:41:00,2025-08-08 16:42:00,1,1
33745,Köln Hbf,RB27,Mönchengladbach Hbf,Troisdorf,2025-08-08 16:38:00,2025-08-08 16:41:00,3,1
25428,Köln Hbf,RB26,Mainz Hbf,Köln Messe/Deutz,2025-08-08 16:05:00,2025-08-08 16:40:00,35,1
10555,Köln Hbf,RB25,Lüdenscheid-Brügge,Köln Hansaring,2025-08-08 16:37:00,2025-08-08 16:40:00,3,1
152,Köln Hbf,ICE,Frankfurt(Main)Hbf,Amsterdam Centraal,2025-08-08 16:39:00,2025-08-08 16:39:00,0,0
31607,Köln Hbf,S6,Köln-Worringen,Düsseldorf Hbf,2025-08-08 16:37:00,2025-08-08 16:38:00,1,1
10922,Köln Hbf,RE9,Siegen Hbf,Aachen Hbf,2025-08-08 16:47:00,2025-08-08 16:47:00,0,0
10274,Köln Hbf,RB38,Köln Messe/Deutz,Bedburg(Erft),2025-08-08 16:29:00,2025-08-08 16:36:00,7,1
89724,Köln Hbf,RE6,Minden(Westf),Köln/Bonn Flughafen,2025-08-08 16:52:00,2025-08-08 16:52:00,0,0
33107,Köln Hbf,S11,Bergisch Gladbach,Düsseldorf Flughafen Terminal,2025-08-08 16:34:00,2025-08-08 16:36:00,2,1
17350,Köln Hbf,RB48,Bonn-Mehlem,Wuppertal-Oberbarmen,2025-08-08 16:25:00,2025-08-08 16:34:00,9,1
33216,Köln Hbf,S12,Horrem,Au(Sieg),2025-08-08 16:31:00,2025-08-08 16:33:00,2,1
33215,Köln Hbf,S12,Au(Sieg),Horrem,2025-08-08 16:30:00,2025-08-08 16:33:00,3,1
26822,Köln Hbf,RE1,Hamm(Westf)Hbf,Aachen Hbf,2025-08-08 16:15:00,2025-08-08 16:32:00,17,1
10051,Köln Hbf,RE22,Köln Messe/Deutz,Kall,2025-08-08 16:21:00,2025-08-08 16:28:00,7,1
32000,Köln Hbf,S19,Düren,Hennef(Sieg),2025-08-08 16:21:00,2025-08-08 16:28:00,7,1
33105,Köln Hbf,S11,Bergisch Gladbach,Düsseldorf Flughafen Terminal,2025-08-08 16:14:00,2025-08-08 16:28:00,14,1
10271,Köln Hbf,RB38,Bedburg(Erft),Köln Messe/Deutz,2025-08-08 16:30:00,2025-08-08 16:26:00,-4,0
33744,Köln Hbf,RB27,Troisdorf,Mönchengladbach Hbf,2025-08-08 16:25:00,2025-08-08 16:26:00,1,1
30692,Köln Hbf,S6,Düsseldorf Hbf,Köln-Worringen,2025-08-08 16:24:00,2025-08-08 16:25:00,1,1
10562,Köln Hbf,RB25,Köln Hansaring,Lüdenscheid-Brügge,2025-08-08 16:24:00,2025-08-08 16:24:00,0,0
32001,Köln Hbf,S19,Blankenberg(Sieg),Düren,2025-08-08 16:20:00,2025-08-08 16:22:00,2,1
10435,Köln Hbf,RB24,Köln Messe/Deutz,Euskirchen,2025-08-08 16:12:00,2025-08-08 16:20:00,8,1
10564,Köln Hbf,RB25,Köln Hansaring,Gummersbach,2025-08-08 16:54:00,2025-08-08 16:54:00,0,0
33104,Köln Hbf,S11,Düsseldorf Flughafen Terminal,Bergisch Gladbach,2025-08-08 16:07:00,2025-08-08 16:20:00,13,1
10438,Köln Hbf,RB24,Kall,Köln Messe/Deutz,2025-08-08 16:15:00,2025-08-08 16:17:00,2,1
31605,Köln Hbf,S6,Köln-Worringen,Düsseldorf Hbf,2025-08-08 16:17:00,2025-08-08 16:17:00,0,0
10921,Köln Hbf,RE9,Aachen Hbf,Siegen Hbf,2025-08-08 16:23:00,2025-08-08 16:23:00,0,0
89729,Köln Hbf,RE6,Köln/Bonn Flughafen,Minden(Westf),2025-08-08 16:07:00,2025-08-08 16:16:00,9,1
33212,Köln Hbf,S12,Horrem,Hennef(Sieg),2025-08-08 16:11:00,2025-08-08 16:12:00,1,1
33211,Köln Hbf,S12,Hennef(Sieg),Horrem,2025-08-08 16:10:00,2025-08-08 16:12:00,2,1
10553,Köln Hbf,RB25,Gummersbach,Köln Hansaring,2025-08-08 16:07:00,2025-08-08 16:08:00,1,1
1030,Köln Hbf,ICE,Düsseldorf Hbf,Hamburg-Altona,2025-08-08 16:04:00,2025-08-08 16:07:00,3,1
518,Köln Hbf,ICE,München Hbf,Hamburg-Altona,2025-08-08 16:11:00,2025-08-08 16:13:00,2,1
30690,Köln Hbf,S6,Düsseldorf Hbf,Köln-Worringen,2025-08-08 16:04:00,2025-08-08 16:04:00,0,0
26854,Köln Hbf,RE1,Düsseldorf Hbf,Aachen Hbf,2025-08-08 16:04:00,2025-08-08 16:04:00,0,0
31609,Köln Hbf,S6,Köln-Worringen,Düsseldorf Hbf,2025-08-08 16:57:00,2025-08-08 16:58:00,1,1
31096,Köln Hbf,S19,Düren,Au(Sieg),2025-08-08 16:01:00,2025-08-08 16:01:00,0,0
31097,Köln Hbf,S19,Au(Sieg),Düren,2025-08-08 16:00:00,2025-08-08 16:01:00,1,1
33746,Köln Hbf,RE8,Troisdorf,Rommerskirchen,2025-08-08 16:59:00,2025-08-08 16:59:00,0,0
33743,Köln Hbf,RE8,Rommerskirchen,Troisdorf,2025-08-08 16:03:00,2025-08-08 16:03:00,0,0
32005,Köln Hbf,S19,Au(Sieg),Düren,2025-08-08 17:00:00,2025-08-08 17:01:00,1,1
25435,Köln Hbf,RB26,Köln Messe/Deutz,Mainz Hbf,2025-08-08 17:56:00,2025-08-08 17:58:00,2,1
8,Köln Hbf,EC,Zürich HB,Hamburg-Altona,2025-08-08 17:09:00,2025-08-08 17:43:00,34,1
10439,Köln Hbf,RB24,Köln Messe/Deutz,Euskirchen,2025-08-08 17:12:00,2025-08-08 17:12:00,0,0
33113,Köln Hbf,S11,Bergisch Gladbach,Düsseldorf Flughafen Terminal,2025-08-08 17:14:00,2025-08-08 17:21:00,7,1
25430,Köln Hbf,RB26,Mainz Hbf,Köln Messe/Deutz,2025-08-08 17:05:00,2025-08-08 17:44:00,39,1
10559,Köln Hbf,RB25,Gummersbach,Köln Hansaring,2025-08-08 17:07:00,2025-08-08 17:07:00,0,0
929,Köln Hbf,ICE,Dortmund Hbf,Passau Hbf,2025-08-08 17:53:00,2025-08-08 17:55:00,2,1
10042,Köln Hbf,RE22,Kall,Köln Messe/Deutz,2025-08-08 17:42:00,2025-08-08 17:43:00,1,1
89733,Köln Hbf,RE6,Köln/Bonn Flughafen,Minden(Westf),2025-08-08 18:07:00,2025-08-08 18:07:00,0,0
28525,Köln Hbf,RE5,Oberhausen Hbf,Koblenz Hbf,2025-08-08 17:32:00,2025-08-08 17:41:00,9,1
32010,Köln Hbf,S19,Düren,Blankenberg(Sieg),2025-08-08 17:41:00,2025-08-08 17:41:00,0,0
31600,Köln Hbf,S6,Düsseldorf Hbf,Köln-Worringen,2025-08-08 17:24:00,2025-08-08 17:24:00,0,0
33118,Köln Hbf,S11,Düsseldorf Flughafen Terminal,Bergisch Gladbach,2025-08-08 17:47:00,2025-08-08 17:48:00,1,1
33224,Köln Hbf,S12,Horrem,Hennef(Sieg),2025-08-08 17:11:00,2025-08-08 17:11:00,0,0
33112,Köln Hbf,S11,Düsseldorf Flughafen Terminal,Bergisch Gladbach,2025-08-08 17:07:00,2025-08-08 17:21:00,14,1
28526,Köln Hbf,RE5,Koblenz Hbf,Oberhausen Hbf,2025-08-08 17:31:00,2025-08-08 17:32:00,1,1
26829,Köln Hbf,RE1,Aachen Hbf,Hamm(Westf)Hbf,2025-08-08 17:49:00,2025-08-08 17:50:00,1,1
613,Köln Hbf,ICE,Kiel Hbf,München Hbf,2025-08-08 17:55:00,2025-08-08 18:40:00,45,1
10924,Köln Hbf,RE9,Siegen Hbf,Aachen Hbf,2025-08-08 17:47:00,2025-08-08 17:48:00,1,1
32004,Köln Hbf,S19,Düren,Au(Sieg),2025-08-08 17:01:00,2025-08-08 17:03:00,2,1
33119,Köln Hbf,S11,Bergisch Gladbach,Düsseldorf Flughafen Terminal,2025-08-08 17:54:00,2025-08-08 18:07:00,13,1
31617,Köln Hbf,S6,Köln-Worringen,Düsseldorf Hbf,2025-08-08 17:57:00,2025-08-08 17:58:00,1,1
30698,Köln Hbf,S6,Düsseldorf Hbf,Köln-Worringen,2025-08-08 17:04:00,2025-08-08 17:22:00,18,1
33747,Köln Hbf,RE8,Rommerskirchen,Troisdorf,2025-08-08 17:03:00,2025-08-08 17:03:00,0,0
89731,Köln Hbf,RE6,Köln/Bonn Flughafen,Minden(Westf),2025-08-08 17:07:00,2025-08-08 17:07:00,0,0
10561,Köln Hbf,RB25,Lüdenscheid-Brügge,Köln Hansaring,2025-08-08 17:37:00,2025-08-08 17:38:00,1,1
10440,Köln Hbf,RB24,Kall,Köln Messe/Deutz,2025-08-08 17:15:00,2025-08-08 17:17:00,2,1
713,Köln Hbf,ICE,Siegburg/Bonn,Frankfurt(Main)Hbf,2025-08-08 17:31:00,2025-08-08 17:31:00,0,0
17426,Köln Hbf,RE7,Krefeld Hbf,Rheine,2025-08-08 17:21:00,2025-08-08 17:36:00,15,1
32005,Köln Hbf,S19,Au(Sieg),Düren,2025-08-08 17:00:00,2025-08-08 17:00:00,0,0
17355,Köln Hbf,RB48,Wuppertal-Oberbarmen,Bonn-Mehlem,2025-08-08 17:37:00,2025-08-08 17:37:00,0,0
26824,Köln Hbf,RE1,Hamm(Westf)Hbf,Aachen Hbf,2025-08-08 17:15:00,2025-08-08 17:31:00,16,1
17425,Köln Hbf,RE7,Rheine,Krefeld Hbf,2025-08-08 17:41:00,2025-08-08 17:46:00,5,1
33230,Köln Hbf,S12,Horrem,Hennef(Sieg),2025-08-08 17:51:00,2025-08-08 17:51:00,0,0
157,Köln Hbf,ICE,Amsterdam Centraal,Frankfurt(Main)Hbf,2025-08-08 17:28:00,2025-08-08 17:28:00,0,0
10566,Köln Hbf,RB25,Köln Hansaring,Lüdenscheid-Brügge,2025-08-08 17:24:00,2025-08-08 17:24:00,0,0
10276,Köln Hbf,RB38,Köln Messe/Deutz,Bedburg(Erft),2025-08-08 17:29:00,2025-08-08 17:29:00,0,0
12,Köln Hbf,ICE,Aachen Hbf,Bruxelles Midi,2025-08-08 17:26:00,2025-08-08 17:27:00,1,1
33748,Köln Hbf,RB27,Troisdorf,Mönchengladbach Hbf,2025-08-08 17:25:00,2025-08-08 17:26:00,1,1
32011,Köln Hbf,S19,Hennef(Sieg),Düren,2025-08-08 17:40:00,2025-08-08 17:48:00,8,1
33750,Köln Hbf,RE8,Troisdorf,Rommerskirchen,2025-08-08 17:59:00,2025-08-08 17:59:00,0,0
32008,Köln Hbf,S19,Düren,Hennef(Sieg),2025-08-08 17:21:00,2025-08-08 17:23:00,2,1
10923,Köln Hbf,RE9,Aachen Hbf,Siegen Hbf,2025-08-08 17:23:00,2025-08-08 17:23:00,0,0
33115,Köln Hbf,S11,Bergisch Gladbach,Düsseldorf Flughafen Terminal,2025-08-08 17:34:00,2025-08-08 17:34:00,0,0
10053,Köln Hbf,RE22,Köln Messe/Deutz,Kall,2025-08-08 17:21:00,2025-08-08 17:21:00,0,0
31615,Köln Hbf,S6,Köln-Worringen,Düsseldorf Hbf,2025-08-08 17:37:00,2025-08-08 17:38:00,1,1
33233,Köln Hbf,S12,Hennef(Sieg),Horrem,2025-08-08 17:50:00,2025-08-08 17:51:00,1,1
10273,Köln Hbf,RB38,Bedburg(Erft),Köln Messe/Deutz,2025-08-08 17:33:00,2025-08-08 17:33:00,0,0
33749,Köln Hbf,RB27,Mönchengladbach Hbf,Troisdorf,2025-08-08 17:38:00,2025-08-08 17:38:00,0,0
2043,Köln Hbf,IC,Solingen Hbf,Bielefeld Hbf,2025-08-08 17:11:00,2025-08-08 17:11:00,0,0
33228,Köln Hbf,S12,Horrem,Au(Sieg),2025-08-08 17:31:00,2025-08-08 17:31:00,0,0
31613,Köln Hbf,S6,Köln-Worringen,Düsseldorf Hbf,2025-08-08 17:17:00,2025-08-08 17:18:00,1,1
32013,Köln Hbf,S19,Au(Sieg),Düren,2025-08-08 18:00:00,2025-08-08 18:01:00,1,1
31602,Köln Hbf,S6,Düsseldorf Hbf,Köln-Worringen,2025-08-08 17:44:00,2025-08-08 17:44:00,0,0
32009,Köln Hbf,S19,Blankenberg(Sieg),Düren,2025-08-08 17:20:00,2025-08-08 17:21:00,1,1
33225,Köln Hbf,S12,Hennef(Sieg),Horrem,2025-08-08 17:10:00,2025-08-08 17:11:00,1,1
33231,Köln Hbf,S12,Au(Sieg),Horrem,2025-08-08 17:30:00,2025-08-08 17:31:00,1,1
735,Köln Hbf,ICE,Hamburg-Altona,Aachen Hbf,2025-08-08 18:03:00,2025-08-08 18:03:00,0,0
89726,Köln Hbf,RE6,Minden(Westf),Köln/Bonn Flughafen,2025-08-08 17:52:00,2025-08-08 17:52:00,0,0
25430,Köln Hbf,RB26,Mainz Hbf,Köln Messe/Deutz,2025-08-08 17:05:00,2025-08-08 17:45:00,40,1
8,Köln Hbf,EC,Zürich HB,Hamburg-Altona,2025-08-08 17:09:00,2025-08-08 17:42:00,33,1
28525,Köln Hbf,RE5,Oberhausen Hbf,Koblenz Hbf,2025-08-08 17:32:00,2025-08-08 17:44:00,12,1
10439,Köln Hbf,RB24,Köln Messe/Deutz,Euskirchen,2025-08-08 17:12:00,2025-08-08 17:13:00,1,1
26824,Köln Hbf,RE1,Hamm(Westf)Hbf,Aachen Hbf,2025-08-08 17:15:00,2025-08-08 17:30:00,15,1
33748,Köln Hbf,RB27,Troisdorf,Mönchengladbach Hbf,2025-08-08 17:25:00,2025-08-08 17:27:00,2,1
33113,Köln Hbf,S11,Bergisch Gladbach,Düsseldorf Flughafen Terminal,2025-08-08 17:14:00,2025-08-08 17:20:00,6,1
10924,Köln Hbf,RE9,Siegen Hbf,Aachen Hbf,2025-08-08 17:47:00,2025-08-08 17:47:00,0,0
33225,Köln Hbf,S12,Hennef(Sieg),Horrem,2025-08-08 17:10:00,2025-08-08 17:12:00,2,1
17425,Köln Hbf,RE7,Rheine,Krefeld Hbf,2025-08-08 17:41:00,2025-08-08 17:44:00,3,1
31602,Köln Hbf,S6,Düsseldorf Hbf,Köln-Worringen,2025-08-08 17:44:00,2025-08-08 17:46:00,2,1
10440,Köln Hbf,RB24,Kall,Köln Messe/Deutz,2025-08-08 17:15:00,2025-08-08 17:16:00,1,1
10441,Köln Hbf,RB24,Köln Messe/Deutz,Kall,2025-08-08 17:45:00,2025-08-08 17:45:00,0,0
28526,Köln Hbf,RE5,Koblenz Hbf,Oberhausen Hbf,2025-08-08 17:31:00,2025-08-08 17:37:00,6,1
26824,Köln Hbf,RE1,Hamm(Westf)Hbf,Aachen Hbf,2025-08-08 17:15:00,2025-08-08 17:33:00,18,1
33118,Köln Hbf,S11,Düsseldorf Flughafen Terminal,Bergisch Gladbach,2025-08-08 17:47:00,2025-08-08 17:51:00,4,1
8,Köln Hbf,EC,Zürich HB,Hamburg-Altona,2025-08-08 17:09:00,2025-08-08 17:46:00,37,1
89726,Köln Hbf,RE6,Minden(Westf),Köln/Bonn Flughafen,2025-08-08 17:52:00,2025-08-08 17:53:00,1,1
33228,Köln Hbf,S12,Horrem,Au(Sieg),2025-08-08 17:31:00,2025-08-08 17:32:00,1,1
31602,Köln Hbf,S6,Düsseldorf Hbf,Köln-Worringen,2025-08-08 17:44:00,2025-08-08 17:48:00,4,1
10276,Köln Hbf,RB38,Köln Messe/Deutz,Bedburg(Erft),2025-08-08 17:29:00,2025-08-08 17:30:00,1,1
929,Köln Hbf,ICE,Dortmund Hbf,Passau Hbf,2025-08-08 17:53:00,2025-08-08 17:57:00,4,1
25435,Köln Hbf,RB26,Köln Messe/Deutz,Mainz Hbf,2025-08-08 17:56:00,2025-08-08 18:07:00,11,1
25430,Köln Hbf,RB26,Mainz Hbf,Köln Messe/Deutz,2025-08-08 17:05:00,2025-08-08 17:53:00,48,1
33231,Köln Hbf,S12,Au(Sieg),Horrem,2025-08-08 17:30:00,2025-08-08 17:37:00,7,1
26829,Köln Hbf,RE1,Aachen Hbf,Hamm(Westf)Hbf,2025-08-08 17:49:00,2025-08-08 17:49:00,0,0
28525,Köln Hbf,RE5,Oberhausen Hbf,Koblenz Hbf,2025-08-08 17:32:00,2025-08-08 17:45:00,13,1
17426,Köln Hbf,RE7,Krefeld Hbf,Rheine,2025-08-08 17:21:00,2025-08-08 17:34:00,13,1
32011,Köln Hbf,S19,Hennef(Sieg),Düren,2025-08-08 17:40:00,2025-08-08 17:49:00,9,1
10561,Köln Hbf,RB25,Lüdenscheid-Brügge,Köln Hansaring,2025-08-08 17:37:00,2025-08-08 17:40:00,3,1
10566,Köln Hbf,RB25,Köln Hansaring,Lüdenscheid-Brügge,2025-08-08 17:24:00,2025-08-08 17:28:00,4,1
955,Köln Hbf,ICE,Wuppertal Hbf,Berlin Ostbahnhof,2025-08-08 17:45:00,2025-08-08 17:46:00,1,1
2002,Köln Hbf,IC,Düsseldorf Hbf,Emden Hbf,2025-08-08 17:45:00,2025-08-08 17:45:00,0,0
31600,Köln Hbf,S6,Düsseldorf Hbf,Köln-Worringen,2025-08-08 17:24:00,2025-08-08 17:28:00,4,1
613,Köln Hbf,ICE,Kiel Hbf,München Hbf,2025-08-08 17:55:00,2025-08-08 18:42:00,47,1
17425,Köln Hbf,RE7,Rheine,Krefeld Hbf,2025-08-08 17:41:00,2025-08-08 17:43:00,2,1
30698,Köln Hbf,S6,Düsseldorf Hbf,Köln-Worringen,2025-08-08 17:04:00,2025-08-08 17:25:00,21,1
32008,Köln Hbf,S19,Düren,Hennef(Sieg),2025-08-08 17:21:00,2025-08-08 17:24:00,3,1
10053,Köln Hbf,RE22,Köln Messe/Deutz,Kall,2025-08-08 17:21:00,2025-08-08 17:24:00,3,1
10568,Köln Hbf,RB25,Köln Hansaring,Gummersbach,2025-08-08 17:54:00,2025-08-08 17:54:00,0,0
33113,Köln Hbf,S11,Bergisch Gladbach,Düsseldorf Flughafen Terminal,2025-08-08 17:14:00,2025-08-08 17:18:00,4,1
33119,Köln Hbf,S11,Bergisch Gladbach,Düsseldorf Flughafen Terminal,2025-08-08 17:54:00,2025-08-08 17:54:00,0,0
31613,Köln Hbf,S6,Köln-Worringen,Düsseldorf Hbf,2025-08-08 17:17:00,2025-08-08 17:17:00,0,0
33225,Köln Hbf,S12,Hennef(Sieg),Horrem,2025-08-08 17:10:00,2025-08-08 17:15:00,5,1
89726,Köln Hbf,RE6,Minden(Westf),Köln/Bonn Flughafen,2025-08-08 17:52:00,2025-08-08 17:56:00,4,1
33119,Köln Hbf,S11,Bergisch Gladbach,Düsseldorf Flughafen Terminal,2025-08-08 17:54:00,2025-08-08 18:03:00,9,1
32013,Köln Hbf,S19,Au(Sieg),Düren,2025-08-08 18:00:00,2025-08-08 18:02:00,2,1
33230,Köln Hbf,S12,Horrem,Hennef(Sieg),2025-08-08 17:51:00,2025-08-08 17:55:00,4,1
613,Köln Hbf,ICE,Kiel Hbf,München Hbf,2025-08-08 17:55:00,2025-08-08 18:48:00,53,1
33233,Köln Hbf,S12,Hennef(Sieg),Horrem,2025-08-08 17:50:00,2025-08-08 17:54:00,4,1
8,Köln Hbf,EC,Zürich HB,Hamburg-Altona,2025-08-08 17:09:00,2025-08-08 17:52:00,43,1
33750,Köln Hbf,RE8,Troisdorf,Rommerskirchen,2025-08-08 17:59:00,2025-08-08 18:00:00,1,1
26829,Köln Hbf,RE1,Aachen Hbf,Hamm(Westf)Hbf,2025-08-08 17:49:00,2025-08-08 17:51:00,2,1
28525,Köln Hbf,RE5,Oberhausen Hbf,Koblenz Hbf,2025-08-08 17:32:00,2025-08-08 17:51:00,19,1
10042,Köln Hbf,RE22,Kall,Köln Messe/Deutz,2025-08-08 17:42:00,2025-08-08 17:54:00,12,1
32011,Köln Hbf,S19,Hennef(Sieg),Düren,2025-08-08 17:40:00,2025-08-08 17:51:00,11,1
25435,Köln Hbf,RB26,Köln Messe/Deutz,Mainz Hbf,2025-08-08 17:56:00,2025-08-08 18:06:00,10,1
31602,Köln Hbf,S6,Düsseldorf Hbf,Köln-Worringen,2025-08-08 17:44:00,2025-08-08 17:47:00,3,1
25430,Köln Hbf,RB26,Mainz Hbf,Köln Messe/Deutz,2025-08-08 17:05:00,2025-08-08 17:54:00,49,1
33749,Köln Hbf,RB27,Mönchengladbach Hbf,Troisdorf,2025-08-08 17:38:00,2025-08-08 17:42:00,4,1
10561,Köln Hbf,RB25,Lüdenscheid-Brügge,Köln Hansaring,2025-08-08 17:37:00,2025-08-08 17:41:00,4,1
17355,Köln Hbf,RB48,Wuppertal-Oberbarmen,Bonn-Mehlem,2025-08-08 17:37:00,2025-08-08 17:39:00,2,1
28526,Köln Hbf,RE5,Koblenz Hbf,Oberhausen Hbf,2025-08-08 17:31:00,2025-08-08 17:38:00,7,1
17426,Köln Hbf,RE7,Krefeld Hbf,Rheine,2025-08-08 17:21:00,2025-08-08 17:38:00,17,1
33231,Köln Hbf,S12,Au(Sieg),Horrem,2025-08-08 17:30:00,2025-08-08 17:38:00,8,1
31617,Köln Hbf,S6,Köln-Worringen,Düsseldorf Hbf,2025-08-08 17:57:00,2025-08-08 17:59:00,2,1
32017,Spich,S19,Blankenberg(Sieg),Düren,2025-08-08 17:55:00,2025-08-08 17:56:00,1,1
33228,Spich,S12,Horrem,Au(Sieg),2025-08-08 17:50:00,2025-08-08 17:55:00,5,1
32008,Spich,S19,Düren,Hennef(Sieg),2025-08-08 17:44:00,2025-08-08 17:49:00,5,1
33239,Spich,S12,Hennef(Sieg),Horrem,2025-08-08 17:46:00,2025-08-08 17:46:00,0,0
32013,Spich,S19,Au(Sieg),Düren,2025-08-08 17:35:00,2025-08-08 17:35:00,0,0
33224,Spich,S12,Horrem,Hennef(Sieg),2025-08-08 17:30:00,2025-08-08 17:31:00,1,1
33233,Spich,S12,Hennef(Sieg),Horrem,2025-08-08 17:26:00,2025-08-08 17:28:00,2,1
32004,Spich,S19,Düren,Au(Sieg),2025-08-08 17:24:00,2025-08-08 17:27:00,3,1
32011,Spich,S19,Hennef(Sieg),Düren,2025-08-08 17:15:00,2025-08-08 17:25:00,10,1
33218,Spich,S12,Horrem,Hennef(Sieg),2025-08-08 17:10:00,2025-08-08 17:12:00,2,1
32002,Spich,S19,Düren,Blankenberg(Sieg),2025-08-08 17:04:00,2025-08-08 17:06:00,2,1
33231,Spich,S12,Au(Sieg),Horrem,2025-08-08 17:06:00,2025-08-08 17:06:00,0,0
33245,Spich,S12,Hennef(Sieg),Horrem,2025-08-08 18:26:00,2025-08-08 18:26:00,0,0
33240,Spich,S12,Horrem,Au(Sieg),2025-08-08 18:50:00,2025-08-08 18:51:00,1,1
32016,Spich,S19,Düren,Hennef(Sieg),2025-08-08 18:44:00,2025-08-08 18:45:00,1,1
32012,Spich,S19,Düren,Au(Sieg),2025-08-08 18:24:00,2025-08-08 18:30:00,6,1
33238,Spich,S12,Horrem,Hennef(Sieg),2025-08-08 18:30:00,2025-08-08 18:33:00,3,1
32019,Spich,S19,Hennef(Sieg),Sindorf,2025-08-08 18:15:00,2025-08-08 18:19:00,4,1
32021,Spich,S19,Au(Sieg),Düren,2025-08-08 18:35:00,2025-08-08 18:36:00,1,1
33230,Spich,S12,Horrem,Hennef(Sieg),2025-08-08 18:10:00,2025-08-08 18:13:00,3,1
32010,Spich,S19,Düren,Blankenberg(Sieg),2025-08-08 18:04:00,2025-08-08 18:07:00,3,1
33243,Spich,S12,Au(Sieg),Horrem,2025-08-08 18:06:00,2025-08-08 18:07:00,1,1
32025,Spich,S19,Blankenberg(Sieg),Sindorf,2025-08-08 18:55:00,2025-08-08 18:55:00,0,0
33249,Spich,S12,Hennef(Sieg),Horrem,2025-08-08 18:46:00,2025-08-08 18:46:00,0,0
33240,Spich,S12,Horrem,Au(Sieg),2025-08-08 18:50:00,2025-08-08 18:52:00,2,1
33238,Spich,S12,Horrem,Hennef(Sieg),2025-08-08 18:30:00,2025-08-08 18:35:00,5,1
32021,Spich,S19,Au(Sieg),Düren,2025-08-08 18:35:00,2025-08-08 18:35:00,0,0
32012,Spich,S19,Düren,Au(Sieg),2025-08-08 18:24:00,2025-08-08 18:29:00,5,1
17360,Köln Hbf,RB48,Köln Messe/Deutz,Wuppertal-Oberbarmen,2025-08-08 18:52:00,2025-08-08 18:52:00,0,0
33127,Köln Hbf,S11,Bergisch Gladbach,Dormagen,2025-08-08 18:54:00,2025-08-08 18:58:00,4,1
33245,Köln Hbf,S12,Hennef(Sieg),Horrem,2025-08-08 18:50:00,2025-08-08 18:54:00,4,1
33126,Köln Hbf,S11,Düsseldorf Flughafen Terminal,Bergisch Gladbach,2025-08-08 18:47:00,2025-08-08 18:51:00,4,1
33754,Köln Hbf,RE8,Troisdorf,Rommerskirchen,2025-08-08 18:59:00,2025-08-08 19:00:00,1,1
89728,Köln Hbf,RE6,Minden(Westf),Köln/Bonn Flughafen,2025-08-08 18:58:00,2025-08-08 18:58:00,0,0
33753,Köln Hbf,RB27,Mönchengladbach Hbf,Troisdorf,2025-08-08 18:38:00,2025-08-08 18:46:00,8,1
33242,Köln Hbf,S12,Horrem,Hennef(Sieg),2025-08-08 18:51:00,2025-08-08 18:54:00,3,1
32019,Köln Hbf,S19,Hennef(Sieg),Sindorf,2025-08-08 18:40:00,2025-08-08 18:50:00,10,1
26831,Köln Hbf,RE1,Aachen Hbf,Hamm(Westf)Hbf,2025-08-08 18:49:00,2025-08-08 18:52:00,3,1
655,Köln Hbf,ICE,Wuppertal Hbf,Berlin Ostbahnhof,2025-08-08 18:44:00,2025-08-08 18:48:00,4,1
10445,Köln Hbf,RB24,Köln Messe/Deutz,Kall,2025-08-08 18:46:00,2025-08-08 18:48:00,2,1
33124,Köln Hbf,S11,Düsseldorf Flughafen Terminal,Bergisch Gladbach,2025-08-08 18:27:00,2025-08-08 18:48:00,21,1
25437,Köln Hbf,RB26,Köln Messe/Deutz,Mainz Hbf,2025-08-08 18:56:00,2025-08-08 18:56:00,0,0
25460,Köln Hbf,RB26,Mainz Hbf,Köln Messe/Deutz,2025-08-08 18:05:00,2025-08-08 18:41:00,36,1
31610,Köln Hbf,S6,Düsseldorf Hbf,Köln-Worringen,2025-08-08 18:44:00,2025-08-08 18:46:00,2,1
31625,Köln Hbf,S6,Köln-Worringen,Düsseldorf Hbf,2025-08-08 18:57:00,2025-08-08 19:01:00,4,1
17427,Köln Hbf,RE7,Rheine,Krefeld Hbf,2025-08-08 18:41:00,2025-08-08 18:45:00,4,1
10044,Köln Hbf,RE22,Kall,Köln Messe/Deutz,2025-08-08 18:42:00,2025-08-08 18:44:00,2,1
10565,Köln Hbf,RB25,Lüdenscheid-Brügge,Köln Hansaring,2025-08-08 18:37:00,2025-08-08 18:44:00,7,1
32018,Köln Hbf,S19,Düren,Blankenberg(Sieg),2025-08-08 18:41:00,2025-08-08 18:44:00,3,1
203,Köln Hbf,ICE,Hamburg-Altona,Karlsruhe Hbf,2025-08-08 18:55:00,2025-08-08 19:05:00,10,1
31623,Köln Hbf,S6,Köln-Worringen,Düsseldorf Hbf,2025-08-08 18:37:00,2025-08-08 18:41:00,4,1
10278,Köln Hbf,RB38,Köln Messe/Deutz,Bedburg(Erft),2025-08-08 18:29:00,2025-08-08 18:40:00,11,1
28528,Köln Hbf,RE5,Koblenz Hbf,Oberhausen Hbf,2025-08-08 18:31:00,2025-08-08 18:39:00,8,1
33123,Köln Hbf,S11,Bergisch Gladbach,Düsseldorf Flughafen Terminal,2025-08-08 18:34:00,2025-08-08 18:39:00,5,1
17359,Köln Hbf,RB48,Wuppertal-Oberbarmen,Bonn-Mehlem,2025-08-08 18:37:00,2025-08-08 18:38:00,1,1
10926,Köln Hbf,RE9,Siegen Hbf,Aachen Hbf,2025-08-08 18:47:00,2025-08-08 18:47:00,0,0
9486,Köln Hbf,EST,Aachen Hbf,Paris Nord,2025-08-08 18:29:00,2025-08-08 18:35:00,6,1
252,Köln Hbf,ICE,Frankfurt(Main)Hbf,Amsterdam Centraal,2025-08-08 18:39:00,2025-08-08 18:40:00,1,1
28527,Köln Hbf,RE5,Oberhausen Hbf,Koblenz Hbf,2025-08-08 18:32:00,2025-08-08 18:32:00,0,0
89733,Köln Hbf,RE6,Köln/Bonn Flughafen,Minden(Westf),2025-08-08 18:07:00,2025-08-08 18:09:00,2,1
33240,Köln Hbf,S12,Horrem,Au(Sieg),2025-08-08 18:31:00,2025-08-08 18:32:00,1,1
33243,Köln Hbf,S12,Au(Sieg),Horrem,2025-08-08 18:30:00,2025-08-08 18:32:00,2,1
32021,Köln Hbf,S19,Au(Sieg),Düren,2025-08-08 19:00:00,2025-08-08 19:01:00,1,1
17428,Köln Hbf,RE7,Krefeld Hbf,Münster(Westf)Hbf,2025-08-08 18:21:00,2025-08-08 18:27:00,6,1
33752,Köln Hbf,RB27,Troisdorf,Mönchengladbach Hbf,2025-08-08 18:25:00,2025-08-08 18:26:00,1,1
33751,Köln Hbf,RE8,Rommerskirchen,Troisdorf,2025-08-08 18:03:00,2025-08-08 18:03:00,0,0
10570,Köln Hbf,RB25,Köln Hansaring,Lüdenscheid-Brügge,2025-08-08 18:24:00,2025-08-08 18:27:00,3,1
10055,Köln Hbf,RE22,Köln Messe/Deutz,Kall,2025-08-08 18:21:00,2025-08-08 18:29:00,8,1
10443,Köln Hbf,RB24,Köln Messe/Deutz,Euskirchen,2025-08-08 18:11:00,2025-08-08 18:21:00,10,1
735,Köln Hbf,ICE,Hamburg-Altona,Aachen Hbf,2025-08-08 18:03:00,2025-08-08 18:07:00,4,1
905,Köln Hbf,ICE,Siegburg/Bonn,Frankfurt(Main)Hbf,2025-08-08 18:00:00,2025-08-08 18:13:00,13,1
26826,Köln Hbf,RE1,Hamm(Westf)Hbf,Aachen Hbf,2025-08-08 18:15:00,2025-08-08 18:21:00,6,1
10925,Köln Hbf,RE9,Aachen Hbf,Siegen Hbf,2025-08-08 18:23:00,2025-08-08 18:23:00,0,0
2440,Köln Hbf,IC,Bielefeld Hbf,Karlsruhe Hbf,2025-08-08 18:52:00,2025-08-08 19:13:00,21,1
10275,Köln Hbf,RB38,Bedburg(Erft),Köln Messe/Deutz,2025-08-08 18:31:00,2025-08-08 18:31:00,0,0
28,Köln Hbf,ICE,Wien Hbf,Dortmund Hbf,2025-08-08 18:11:00,2025-08-08 18:31:00,20,1
31608,Köln Hbf,S6,Düsseldorf Hbf,Köln-Worringen,2025-08-08 18:24:00,2025-08-08 18:25:00,1,1
32016,Köln Hbf,S19,Düren,Hennef(Sieg),2025-08-08 18:21:00,2025-08-08 18:22:00,1,1
32017,Köln Hbf,S19,Blankenberg(Sieg),Düren,2025-08-08 18:20:00,2025-08-08 18:22:00,2,1
10572,Köln Hbf,RB25,Köln Hansaring,Gummersbach,2025-08-08 18:54:00,2025-08-08 18:54:00,0,0
10442,Köln Hbf,RB24,Kall,Köln Messe/Deutz,2025-08-08 18:15:00,2025-08-08 18:19:00,4,1
31621,Köln Hbf,S6,Köln-Worringen,Düsseldorf Hbf,2025-08-08 18:17:00,2025-08-08 18:17:00,0,0
33239,Köln Hbf,S12,Hennef(Sieg),Horrem,2025-08-08 18:10:00,2025-08-08 18:14:00,4,1
33238,Köln Hbf,S12,Horrem,Hennef(Sieg),2025-08-08 18:11:00,2025-08-08 18:14:00,3,1
516,Köln Hbf,ICE,München Hbf,Hamburg-Altona,2025-08-08 18:11:00,2025-08-08 18:11:00,0,0
10563,Köln Hbf,RB25,Gummersbach,Köln Hansaring,2025-08-08 18:07:00,2025-08-08 18:11:00,4,1
33120,Köln Hbf,S11,Düsseldorf Flughafen Terminal,Bergisch Gladbach,2025-08-08 18:07:00,2025-08-08 18:10:00,3,1
32012,Köln Hbf,S19,Düren,Au(Sieg),2025-08-08 18:01:00,2025-08-08 18:06:00,5,1
31606,Köln Hbf,S6,Düsseldorf Hbf,Köln-Worringen,2025-08-08 18:04:00,2025-08-08 18:08:00,4,1
33754,Köln Hbf,RE8,Troisdorf,Rommerskirchen,2025-08-08 18:59:00,2025-08-08 18:59:00,0,0
33127,Köln Hbf,S11,Bergisch Gladbach,Dormagen,2025-08-08 18:54:00,2025-08-08 18:57:00,3,1
203,Köln Hbf,ICE,Hamburg-Altona,Karlsruhe Hbf,2025-08-08 18:55:00,2025-08-08 19:04:00,9,1
10572,Köln Hbf,RB25,Köln Hansaring,Gummersbach,2025-08-08 18:54:00,2025-08-08 18:57:00,3,1
32021,Köln Hbf,S19,Au(Sieg),Düren,2025-08-08 19:00:00,2025-08-08 19:02:00,2,1
26831,Köln Hbf,RE1,Aachen Hbf,Hamm(Westf)Hbf,2025-08-08 18:49:00,2025-08-08 18:54:00,5,1
2440,Köln Hbf,IC,Bielefeld Hbf,Karlsruhe Hbf,2025-08-08 18:52:00,2025-08-08 19:12:00,20,1
33248,Köln Hbf,S12,Horrem,Hennef(Sieg),2025-08-08 19:11:00,2025-08-08 19:17:00,6,1
28530,Köln Hbf,RE5,Koblenz Hbf,Oberhausen Hbf,2025-08-08 19:31:00,2025-08-08 19:34:00,3,1
89730,Köln Hbf,RE6,Minden(Westf),Köln/Bonn Flughafen,2025-08-08 19:52:00,2025-08-08 19:55:00,3,1
33755,Köln Hbf,RE8,Rommerskirchen,Troisdorf,2025-08-08 19:03:00,2025-08-08 19:04:00,1,1
25434,Köln Hbf,RB26,Mainz Hbf,Köln Messe/Deutz,2025-08-08 19:05:00,2025-08-08 19:24:00,19,1
26828,Köln Hbf,RE1,Hamm(Westf)Hbf,Aachen Hbf,2025-08-08 19:15:00,2025-08-08 19:24:00,9,1
6,Köln Hbf,EC,Interlaken Ost,Dortmund Hbf,2025-08-08 19:12:00,2025-08-08 19:29:00,17,1
26833,Köln Hbf,RE1,Aachen Hbf,Hamm(Westf)Hbf,2025-08-08 19:49:00,2025-08-08 19:49:00,0,0
33254,Köln Hbf,S12,Horrem,Hennef(Sieg),2025-08-08 19:51:00,2025-08-08 19:51:00,0,0
4187,Köln Hbf,RE12,Köln Messe/Deutz,Euskirchen,2025-08-08 19:05:00,2025-08-08 19:05:00,0,0
10277,Köln Hbf,RB38,Bedburg(Erft),Köln Messe/Deutz,2025-08-08 19:31:00,2025-08-08 19:33:00,2,1
31616,Köln Hbf,S6,Düsseldorf Hbf,Köln-Worringen,2025-08-08 19:24:00,2025-08-08 19:27:00,3,1
1021,Köln Hbf,ICE,Hamburg-Altona,Nürnberg Hbf,2025-08-08 19:53:00,2025-08-08 20:07:00,14,1
33758,Köln Hbf,RE8,Troisdorf,Rommerskirchen,2025-08-08 19:59:00,2025-08-08 19:59:00,0,0
10,Köln Hbf,ICE,Aachen Hbf,Bruxelles Midi,2025-08-08 19:28:00,2025-08-08 19:28:00,0,0
32020,Köln Hbf,S19,Düren,Au(Sieg),2025-08-08 19:01:00,2025-08-08 19:11:00,10,1
33134,Köln Hbf,S11,Düsseldorf Flughafen Terminal,Bergisch Gladbach,2025-08-08 19:47:00,2025-08-08 20:01:00,14,1
33132,Köln Hbf,S11,Düsseldorf Flughafen Terminal,Bergisch Gladbach,2025-08-08 19:27:00,2025-08-08 19:31:00,4,1
33131,Köln Hbf,S11,Bergisch Gladbach,Düsseldorf Flughafen Terminal,2025-08-08 19:34:00,2025-08-08 19:36:00,2,1
33252,Köln Hbf,S12,Horrem,Au(Sieg),2025-08-08 19:31:00,2025-08-08 19:31:00,0,0
10928,Köln Hbf,RE9,Siegen Hbf,Aachen Hbf,2025-08-08 19:47:00,2025-08-08 19:47:00,0,0
10927,Köln Hbf,RE9,Aachen Hbf,Siegen Hbf,2025-08-08 19:23:00,2025-08-08 19:23:00,0,0
10048,Köln Hbf,RE22,Kall,Köln Messe/Deutz,2025-08-08 19:43:00,2025-08-08 19:44:00,1,1
31614,Köln Hbf,S6,Düsseldorf Hbf,Köln-Worringen,2025-08-08 19:04:00,2025-08-08 19:04:00,0,0
17362,Köln Hbf,RB48,Bonn-Mehlem,Wuppertal-Oberbarmen,2025-08-08 19:25:00,2025-08-08 19:25:00,0,0
9459,Köln Hbf,EST,Paris Nord,Düsseldorf Hbf,2025-08-08 19:33:00,2025-08-08 19:35:00,2,1
32024,Köln Hbf,S19,Düren,Hennef(Sieg),2025-08-08 19:21:00,2025-08-08 19:23:00,2,1
10444,Köln Hbf,RB24,Kall,Köln Messe/Deutz,2025-08-08 19:15:00,2025-08-08 19:15:00,0,0
10280,Köln Hbf,RB38,Köln Messe/Deutz,Bedburg(Erft),2025-08-08 19:29:00,2025-08-08 19:30:00,1,1
32026,Köln Hbf,S19,Sindorf,Blankenberg(Sieg),2025-08-08 19:41:00,2025-08-08 19:42:00,1,1
10574,Köln Hbf,RB25,Köln Hansaring,Lüdenscheid-Brügge,2025-08-08 19:24:00,2025-08-08 19:24:00,0,0
28529,Köln Hbf,RE5,Oberhausen Hbf,Koblenz Hbf,2025-08-08 19:32:00,2025-08-08 19:32:00,0,0
10057,Köln Hbf,RE22,Köln Messe/Deutz,Kall,2025-08-08 19:22:00,2025-08-08 19:22:00,0,0
615,Köln Hbf,ICE,Hamburg-Altona,München Hbf,2025-08-08 19:55:00,2025-08-08 20:01:00,6,1
33757,Köln Hbf,RB27,Mönchengladbach Hbf,Troisdorf,2025-08-08 19:38:00,2025-08-08 19:38:00,0,0
31631,Köln Hbf,S6,Köln-Worringen,Düsseldorf Hbf,2025-08-08 19:37:00,2025-08-08 19:38:00,1,1
33255,Köln Hbf,S12,Hennef(Sieg),Horrem,2025-08-08 19:50:00,2025-08-08 19:51:00,1,1
159,Köln Hbf,ICE,Amsterdam Centraal,Frankfurt(Main)Hbf,2025-08-08 19:28:00,2025-08-08 20:11:00,43,1
104,Köln Hbf,ICE,Basel SBB,Hamburg-Altona,2025-08-08 19:11:00,2025-08-08 19:12:00,1,1
32027,Köln Hbf,S19,Hennef(Sieg),Düren,2025-08-08 19:40:00,2025-08-08 19:41:00,1,1
89735,Köln Hbf,RE6,Köln/Bonn Flughafen,Minden(Westf),2025-08-08 19:07:00,2025-08-08 19:07:00,0,0
33756,Köln Hbf,RB27,Troisdorf,Mönchengladbach Hbf,2025-08-08 19:25:00,2025-08-08 19:26:00,1,1
17430,Köln Hbf,RE7,Krefeld Hbf,Münster(Westf)Hbf,2025-08-08 19:21:00,2025-08-08 19:21:00,0,0
10567,Köln Hbf,RB25,Gummersbach,Köln Hansaring,2025-08-08 19:07:00,2025-08-08 19:09:00,2,1
33129,Köln Hbf,S11,Bergisch Gladbach,Düsseldorf Flughafen Terminal,2025-08-08 19:14:00,2025-08-08 19:14:00,0,0
31629,Köln Hbf,S6,Köln-Worringen,Düsseldorf Hbf,2025-08-08 19:17:00,2025-08-08 19:18:00,1,1
32029,Köln Hbf,S19,Au(Sieg),Düren,2025-08-08 20:00:00,2025-08-08 20:01:00,1,1
17429,Köln Hbf,RE7,Rheine,Krefeld Hbf,2025-08-08 19:41:00,2025-08-08 19:41:00,0,0
33128,Köln Hbf,S11,Düsseldorf Flughafen Terminal,Bergisch Gladbach,2025-08-08 19:07:00,2025-08-08 19:08:00,1,1
25439,Köln Hbf,RB26,Köln Messe/Deutz,Mainz Hbf,2025-08-08 19:56:00,2025-08-08 19:56:00,0,0
31618,Köln Hbf,S6,Düsseldorf Hbf,Köln-Worringen,2025-08-08 19:44:00,2025-08-08 19:44:00,0,0
32025,Köln Hbf,S19,Blankenberg(Sieg),Sindorf,2025-08-08 19:20:00,2025-08-08 19:21:00,1,1
33249,Köln Hbf,S12,Hennef(Sieg),Horrem,2025-08-08 19:10:00,2025-08-08 19:11:00,1,1
33251,Köln Hbf,S12,Au(Sieg),Horrem,2025-08-08 19:30:00,2025-08-08 19:31:00,1,1
10569,Köln Hbf,RB25,Lüdenscheid-Brügge,Köln Hansaring,2025-08-08 19:37:00,2025-08-08 19:37:00,0,0
33248,Spich,S12,Horrem,Hennef(Sieg),2025-08-08 19:30:00,2025-08-08 19:36:00,6,1
33251,Spich,S12,Au(Sieg),Horrem,2025-08-08 19:06:00,2025-08-08 19:07:00,1,1
32020,Spich,S19,Düren,Au(Sieg),2025-08-08 19:24:00,2025-08-08 19:34:00,10,1
32024,Spich,S19,Düren,Hennef(Sieg),2025-08-08 19:44:00,2025-08-08 19:47:00,3,1
33242,Spich,S12,Horrem,Hennef(Sieg),2025-08-08 19:10:00,2025-08-08 19:13:00,3,1
32018,Spich,S19,Düren,Blankenberg(Sieg),2025-08-08 19:04:00,2025-08-08 19:08:00,4,1
33255,Spich,S12,Hennef(Sieg),Horrem,2025-08-08 19:26:00,2025-08-08 19:26:00,0,0
33252,Spich,S12,Horrem,Au(Sieg),2025-08-08 19:50:00,2025-08-08 19:51:00,1,1
32027,Spich,S19,Hennef(Sieg),Düren,2025-08-08 19:15:00,2025-08-08 19:15:00,0,0
32029,Spich,S19,Au(Sieg),Düren,2025-08-08 19:35:00,2025-08-08 19:35:00,0,0
10447,Köln Hbf,RB24,Köln Messe/Deutz,Euskirchen,2025-08-08 19:46:00,2025-08-08 19:50:00,4,1
159,Köln Hbf,ICE,Amsterdam Centraal,Frankfurt(Main)Hbf,2025-08-08 19:28:00,2025-08-08 19:56:00,28,1
1021,Köln Hbf,ICE,Hamburg-Altona,Nürnberg Hbf,2025-08-08 19:53:00,2025-08-08 20:16:00,23,1
957,Köln Hbf,ICE,Wuppertal Hbf,Berlin Ostbahnhof,2025-08-08 19:46:00,2025-08-08 19:45:00,-1,0
32026,Köln Hbf,S19,Sindorf,Blankenberg(Sieg),2025-08-08 19:41:00,2025-08-08 19:45:00,4,1
33134,Köln Hbf,S11,Düsseldorf Flughafen Terminal,Bergisch Gladbach,2025-08-08 19:47:00,2025-08-08 19:58:00,11,1
31618,Köln Hbf,S6,Düsseldorf Hbf,Köln-Worringen,2025-08-08 19:44:00,2025-08-08 19:46:00,2,1
26833,Köln Hbf,RE1,Aachen Hbf,Hamm(Westf)Hbf,2025-08-08 19:49:00,2025-08-08 19:59:00,10,1
32027,Köln Hbf,S19,Hennef(Sieg),Düren,2025-08-08 19:40:00,2025-08-08 19:43:00,3,1
89730,Köln Hbf,RE6,Minden(Westf),Köln/Bonn Flughafen,2025-08-08 19:52:00,2025-08-08 20:01:00,9,1
31633,Köln Hbf,S6,Köln-Worringen,Düsseldorf Hbf,2025-08-08 19:57:00,2025-08-08 20:02:00,5,1
17429,Köln Hbf,RE7,Rheine,Krefeld Hbf,2025-08-08 19:41:00,2025-08-08 19:42:00,1,1
33757,Köln Hbf,RB27,Mönchengladbach Hbf,Troisdorf,2025-08-08 19:38:00,2025-08-08 19:42:00,4,1
28530,Köln Hbf,RE5,Koblenz Hbf,Oberhausen Hbf,2025-08-08 19:31:00,2025-08-08 19:40:00,9,1
33131,Köln Hbf,S11,Bergisch Gladbach,Düsseldorf Flughafen Terminal,2025-08-08 19:34:00,2025-08-08 19:39:00,5,1
33254,Köln Hbf,S12,Horrem,Hennef(Sieg),2025-08-08 19:51:00,2025-08-08 19:52:00,1,1
10928,Köln Hbf,RE9,Siegen Hbf,Aachen Hbf,2025-08-08 19:47:00,2025-08-08 19:48:00,1,1
615,Köln Hbf,ICE,Hamburg-Altona,München Hbf,2025-08-08 19:55:00,2025-08-08 20:09:00,14,1
10576,Köln Hbf,RB25,Köln Hansaring,Gummersbach,2025-08-08 19:54:00,2025-08-08 19:54:00,0,0
33132,Köln Hbf,S11,Düsseldorf Flughafen Terminal,Bergisch Gladbach,2025-08-08 19:27:00,2025-08-08 19:35:00,8,1
28529,Köln Hbf,RE5,Oberhausen Hbf,Koblenz Hbf,2025-08-08 19:32:00,2025-08-08 19:34:00,2,1
17362,Köln Hbf,RB48,Bonn-Mehlem,Wuppertal-Oberbarmen,2025-08-08 19:25:00,2025-08-08 19:35:00,10,1
33251,Köln Hbf,S12,Au(Sieg),Horrem,2025-08-08 19:30:00,2025-08-08 19:33:00,3,1
10280,Köln Hbf,RB38,Köln Messe/Deutz,Bedburg(Erft),2025-08-08 19:29:00,2025-08-08 19:31:00,2,1
10277,Köln Hbf,RB38,Bedburg(Erft),Köln Messe/Deutz,2025-08-08 19:31:00,2025-08-08 19:31:00,0,0
6,Köln Hbf,EC,Interlaken Ost,Dortmund Hbf,2025-08-08 19:12:00,2025-08-08 19:30:00,18,1
33129,Köln Hbf,S11,Bergisch Gladbach,Düsseldorf Flughafen Terminal,2025-08-08 19:14:00,2025-08-08 19:30:00,16,1
26828,Köln Hbf,RE1,Hamm(Westf)Hbf,Aachen Hbf,2025-08-08 19:15:00,2025-08-08 19:29:00,14,1
32024,Köln Hbf,S19,Düren,Hennef(Sieg),2025-08-08 19:21:00,2025-08-08 19:27:00,6,1
25434,Köln Hbf,RB26,Mainz Hbf,Köln Messe/Deutz,2025-08-08 19:05:00,2025-08-08 19:27:00,22,1
31616,Köln Hbf,S6,Düsseldorf Hbf,Köln-Worringen,2025-08-08 19:24:00,2025-08-08 19:25:00,1,1
17430,Köln Hbf,RE7,Krefeld Hbf,Münster(Westf)Hbf,2025-08-08 19:21:00,2025-08-08 19:22:00,1,1
32025,Köln Hbf,S19,Blankenberg(Sieg),Sindorf,2025-08-08 19:20:00,2025-08-08 19:20:00,0,0
31629,Köln Hbf,S6,Köln-Worringen,Düsseldorf Hbf,2025-08-08 19:17:00,2025-08-08 19:20:00,3,1
33248,Köln Hbf,S12,Horrem,Hennef(Sieg),2025-08-08 19:11:00,2025-08-08 19:16:00,5,1
10444,Köln Hbf,RB24,Kall,Köln Messe/Deutz,2025-08-08 19:15:00,2025-08-08 19:14:00,-1,0
33249,Köln Hbf,S12,Hennef(Sieg),Horrem,2025-08-08 19:10:00,2025-08-08 19:12:00,2,1
32020,Köln Hbf,S19,Düren,Au(Sieg),2025-08-08 19:01:00,2025-08-08 19:10:00,9,1
33128,Köln Hbf,S11,Düsseldorf Flughafen Terminal,Bergisch Gladbach,2025-08-08 19:07:00,2025-08-08 19:07:00,0,0
33755,Köln Hbf,RE8,Rommerskirchen,Troisdorf,2025-08-08 19:03:00,2025-08-08 19:03:00,0,0
33135,Köln Hbf,S11,Bergisch Gladbach,Dormagen,2025-08-08 19:54:00,2025-08-08 19:55:00,1,1
33259,Spich,S12,Hennef(Sieg),Horrem,2025-08-08 19:46:00,2025-08-08 19:46:00,0,0
32024,Spich,S19,Düren,Hennef(Sieg),2025-08-08 19:44:00,2025-08-08 19:51:00,7,1
33252,Spich,S12,Horrem,Au(Sieg),2025-08-08 19:50:00,2025-08-08 19:50:00,0,0
32029,Spich,S19,Au(Sieg),Düren,2025-08-08 19:35:00,2025-08-08 19:36:00,1,1
32020,Spich,S19,Düren,Au(Sieg),2025-08-08 19:24:00,2025-08-08 19:33:00,9,1
33242,Spich,S12,Horrem,Hennef(Sieg),2025-08-08 19:10:00,2025-08-08 19:15:00,5,1
32018,Spich,S19,Düren,Blankenberg(Sieg),2025-08-08 19:04:00,2025-08-08 19:07:00,3,1
32033,Spich,S19,Blankenberg(Sieg),Sindorf,2025-08-08 19:55:00,2025-08-08 19:55:00,0,0
